{"cameraMode":{"drawMode":0,"name":"Shaded","section":"Shading Mode"},"sceneLighting":true,"audioPlay":false,"sceneViewState":{"m_AlwaysRefresh":false,"showFog":true,"showSkybox":true,"showFlares":true,"showImageEffects":true,"showParticleSystems":true,"showVisualEffectGraphs":true,"m_FxEnabled":true},"in2DMode":false,"pivot":{"x":14.323629379272461,"y":14.272204399108887,"z":109.52794647216797},"rotation":{"x":0.19305841624736787,"y":-0.6909255385398865,"z":0.19966529309749604,"w":0.6676530241966248},"size":0.8700639009475708,"orthographic":false}